Workbook

Sheet Skills
A1: ID | B1: Tower | C1: Original Skill Name | D1: GSK Catalog-Style Skill ID | E1: Standard Skill Name | F1: Status
A2: EAI-045 | B2: Cross-tower Ops | C2: SDLC Backlog Creation Skill | D2: eai-eng-create-backlog | E2: AI SDLC Backlog Creation Skill | F2: Reuse
A3: EAI-052 | B3: AIOps | C3: Pipeline Monitoring Triage Skill | D3: eai-eng-pipeline-monitor-triage | E3: Pipeline Monitoring Triage Skill | F3: Reuse
A4: EAI-053 | B4: Change & Release | C4: Release Note Generation Skill | D4: eai-eng-release-notes | E4: Release Note Generation Skill | F4: Reuse
A5: EAI-054 | B5: AIOps | C5: Incident Governance Skill | D5: eai-eng-incident-governance | E5: Incident Governance Skill | F5: Reuse
A6: EAI-056 | B6: FinOps | C6: Tagging Policy Monitoring Skill | D6: eai-eng-tagging-policy-monitor | E6: Tagging Policy Monitoring Skill | F6: Reuse
A7: EAI-057 | B7: FinOps | C7: Cluster Cost Optimization Skill | D7: eai-eng-finops-cluster-cost-optimizer | E7: Cluster Cost Optimization Skill | F7: Reuse
A8: EAI-058 | B8: FinOps | C8: FinOps Spike Monitoring Skill | D8: eai-eng-finops-detect-spikes | E8: FinOps Spike Monitoring Skill | F8: Reuse
A9: EAI-073 | B9: Code Orange / AgentOps | C9: Production Readiness Validation Skill | D9: eai-eng-integrated-review | E9: Production Readiness Validation Skill | F9: Reuse
A10: EAI-074 | B10: Service Desk | C10: Incident Knowledge Base Creation Skill | D10: eai-eng-snowinc-kb-creator | E10: Incident Knowledge Creation Skill | F10: Reuse
A11: EAI-075 | B11: Service Desk | C11: Incident Knowledge Base Augmentation Skill | D11: eai-eng-snowinc-kb-augmentor | E11: Incident Knowledge Augmentation Skill | F11: Reuse
A12: EAI-076 | B12: Code Orange / AgentOps | C12: Requirements Synthesis Skill | D12: eai-eng-arch-urs-synthesizer | E12: Requirements Synthesis Skill | F12: Reuse
... A153: PLAN-SK-136 | B153: Cross-tower Ops | C153: Human Approval Policy By Action Type Governance Evidence Skill | D153: eai-tech-ops-human-approval-policy-evidence | E153: Human Approval Policy Evidence Skill | F153: Net New

Sheet Usecases+Agents+Skills
A1: GSK AUC to Agentic AI and Skills Map
A2: One row per atomic use case: AUC -> standard taxonomy name -> agentic AI asset -> comprehensive skills list -> grounded GSK signal.
A4: Atomic use cases 136 | B4: Atomic use cases 136 | C4: Analysed ticket base 1,066,644 | D4: Analysed ticket base 1,066,644 | E4: Mapped agents 9 | F4: Mapped agents 9 | G4: Taxonomy Skill | Agent | Accelerator | Catalogue | Catalyst | Guardrail | Hybrid | H4: Taxonomy Skill | Agent | Accelerator | Catalogue | Catalyst | Guardrail | Hybrid | I4: Use Filter by tower, taxonomy, skill posture or priority. | J4: Use Filter by tower, taxonomy, skill posture or priority. | K4: Use Filter by tower, taxonomy, skill posture or priority. | L4: Use Filter by tower, taxonomy, skill posture or priority.
A5: Atomic use cases 136 | B5: Atomic use cases 136 | C5: Analysed ticket base 1,066,644 | D5: Analysed ticket base 1,066,644 | E5: Mapped agents 9 | F5: Mapped agents 9 | G5: Taxonomy Skill | Agent | Accelerator | Catalogue | Catalyst | Guardrail | Hybrid | H5: Taxonomy Skill | Agent | Accelerator | Catalogue | Catalyst | Guardrail | Hybrid | I5: Use Filter by tower, taxonomy, skill posture or priority. | J5: Use Filter by tower, taxonomy, skill posture or priority. | K5: Use Filter by tower, taxonomy, skill posture or priority. | L5: Use Filter by tower, taxonomy, skill posture or priority.
A7: AUC ID | B7: Tower / track | C7: Usecase | D7: Outcome | E7: Agentic AI taxonomy | F7: Primary standard name | G7: Agentic AI asset name | H7: Skills list - comprehensive | I7: Skill posture | J7: Grounded GSK signal | K7: Priority | L7: Validation note
A8: GSK-AUC-001 | B8: Hosting & CloudOps | C8: Promote runbook into reusable agent action - Azure VM Unavailability | D8: Frequently repeated runbook work becomes selectable, governed and evidence-producing. | E8: Agent | Accelerator | F8: Accelerator | G8: Reusable Runbook Execution Agent accelerator | H8: EAI-052 gsk-ops-pipeline-monitor-triage; EAI-054 gsk-ops-incident-governance; EAI-074 Incident Knowledge Base Creator; EAI-095 gsk-tools-skills-evaluator; gsk-ops-runbook-fit-scorer; gsk-ops-runbook-execution-adapter; gsk-ops-remediation-rollback-check | I8: Known + adapted skill | J8: Top runbook: Azure VM Unavailability | 236,345 ticket signal; 236,345 manual/cluster; 55,147.2 effort hours; 64.6 similarity. | K8: Wave 1 | L8: Directional GSK ticket/runbook signal. Confirm ownership, approved tool path and control tier with GSK SMEs before commitment.
A9: GSK-AUC-002 | B9: Hosting & CloudOps | C9: Promote runbook into reusable agent action - Linux Service Restart | D9: Frequently repeated runbook work becomes selectable, governed and evidence-producing. | E9: Agent | Accelerator | F9: Accelerator | G9: Reusable Runbook Execution Agent accelerator | H9: EAI-052 gsk-ops-pipeline-monitor-triage; EAI-054 gsk-ops-incident-governance; EAI-074 Incident Knowledge Base Creator; EAI-095 gsk-tools-skills-evaluator; gsk-ops-runbook-fit-scorer; gsk-ops-runbook-execution-adapter; gsk-ops-remediation-rollback-check | I9: Known + adapted skill | J9: Top runbook: Linux Service Restart | 40,646 ticket signal; 40,646 manual/cluster; 9,484.1 effort hours; 60 similarity. | K9: Wave 1 | L9: Directional GSK ticket/runbook signal. Confirm ownership, approved tool path and control tier with GSK SMEs before commitment.
A10: GSK-AUC-003 | B10: Hosting & CloudOps | C10: Promote runbook into reusable agent action - Linux Hardware Replacement | D10: Frequently repeated runbook work becomes selectable, governed and evidence-producing. | E10: Agent | Accelerator | F10: Accelerator | G10: Reusable Runbook Execution Agent accelerator | H10: EAI-052 gsk-ops-pipeline-monitor-triage; EAI-054 gsk-ops-incident-governance; EAI-074 Incident Knowledge Base Creator; EAI-095 gsk-tools-skills-evaluator; gsk-ops-runbook-fit-scorer; gsk-ops-runbook-execution-adapter; gsk-ops-remediation-rollback-check | I10: Known + adapted skill | J10: Top runbook: Linux Hardware Replacement | 34,820 ticket signal; 34,820 manual/cluster; 8,124.7 effort hours; 40.2 similarity. | K10: Wave 1 | L10: Directional GSK ticket/runbook signal. Confirm ownership, approved tool path and control tier with GSK SMEs before commitment.
A11: GSK-AUC-004 | B11: Hosting & CloudOps | C11: Promote runbook into reusable agent action - Windows Service Restart | D11: Frequently repeated runbook work becomes selectable, governed and evidence-producing. | E11: Agent | Accelerator | F11: Accelerator | G11: Reusable Runbook Execution Agent accelerator | H11: EAI-052 gsk-ops-pipeline-monitor-triage; EAI-054 gsk-ops-incident-governance; EAI-074 Incident Knowledge Base Creator; EAI-095 gsk-tools-skills-evaluator; gsk-ops-runbook-fit-scorer; gsk-ops-runbook-execution-adapter; gsk-ops-remediation-rollback-check | I11: Known + adapted skill | J11: Top runbook: Windows Service Restart | 29,018 ticket signal; 29,018 manual/cluster; 6,770.9 effort hours; 62.2 similarity. | K11: Wave 1 | L11: Directional GSK ticket/runbook signal. Confirm ownership, approved tool path and control tier with GSK SMEs before commitment.
A12: GSK-AUC-005 | B12: Hosting & CloudOps | C12: Promote runbook into reusable agent action - VMware Hci Add Hard Disk | D12: Frequently repeated runbook work becomes selectable, governed and evidence-producing. | E12: Agent | Accelerator | F12: Accelerator | G12: Reusable Runbook Execution Agent accelerator | H12: EAI-052 gsk-ops-pipeline-monitor-triage; EAI-054 gsk-ops-incident-governance; EAI-074 Incident Knowledge Base Creator; EAI-095 gsk-tools-skills-evaluator; gsk-ops-runbook-fit-scorer; gsk-ops-runbook-execution-adapter; gsk-ops-remediation-rollback-check | I12: Known GSK skill reuse | J12: Top runbook: VMware Hci Add Hard Disk | 8,609 ticket signal; 8,609 manual/cluster; 2,008.8 effort hours; 72.7 similarity. | K12: Wave 2 | L12: Directional GSK ticket/runbook signal. Confirm ownership, approved tool path and control tier with GSK SMEs before commitment.
A13: GSK-AUC-006 | B13: Hosting & CloudOps | C13: Promote runbook into reusable agent action - Linux OS Installation Post Checks | D13: Frequently repeated runbook work becomes selectable, governed and evidence-producing. | E13: Agent | Accelerator | F13: Accelerator | G13: Reusable Runbook Execution Agent accelerator | H13: EAI-052 gsk-ops-pipeline-monitor-triage; EAI-054 gsk-ops-incident-governance; EAI-074 Incident Knowledge Base Creator; EAI-095 gsk-tools-skills-evaluator; gsk-ops-runbook-fit-scorer; gsk-ops-runbook-execution-adapter; gsk-ops-remediation-rollback-check | I13: Known + adapted skill | J13: Top runbook: Linux OS Installation Post Checks | 4,255 ticket signal; 4,255 manual/cluster; 992.8 effort hours; 34.6 similarity. | K13: Wave 2 | L13: Directional GSK ticket/runbook signal. Confirm ownership, approved tool path and control tier with GSK SMEs before commitment.
A14: GSK-AUC-007 | B14: Hosting & CloudOps | C14: Promote runbook into reusable agent action - Podman_Export_Container | D14: Frequently repeated runbook work becomes selectable, governed and evidence-producing. | E14: Agent | Accelerator | F14: Accelerator | G14: Reusable Runbook Execution Agent accelerator | H14: EAI-052 gsk-ops-pipeline-monitor-triage; EAI-054 gsk-ops-incident-governance; EAI-074 Incident Knowledge Base Creator; EAI-095 gsk-tools-skills-evaluator; gsk-ops-runbook-fit-scorer; gsk-ops-runbook-execution-adapter; gsk-ops-remediation-rollback-check | I14: Known + adapted skill | J14: Top runbook: Podman_Export_Container | 3,431 ticket signal; 3,431 manual/cluster; 800.6 effort hours; 62.8 similarity. | K14: Wave 2 | L14: Directional GSK ticket/runbook signal. Confirm ownership, approved tool path and control tier with GSK SMEs before commitment.
A15: GSK-AUC-008 | B15: Hosting & CloudOps | C15: Promote runbook into reusable agent action - AWS Ecs Service Delete | D15: Frequently repeated runbook work becomes selectable, governed and evidence-producing. | E15: Agent | Accelerator | F15: Accelerator | G15: Reusable Runbook Execution Agent accelerator | H15: EAI-052 gsk-ops-pipeline-monitor-triage; EAI-054 gsk-ops-incident-governance; EAI-074 Incident Knowledge Base Creator; EAI-095 gsk-tools-skills-evaluator; gsk-ops-runbook-fit-scorer; gsk-ops-runbook-execution-adapter; gsk-ops-remediation-rollback-check | I15: Known + adapted skill | J15: Top runbook: AWS Ecs Service Delete | 3,233 ticket signal; 3,233 manual/cluster; 754.4 effort hours; 38 similarity. | K15: Wave 2 | L15: Directional GSK ticket/runbook signal. Confirm ownership, approved tool path and control tier with GSK SMEs before commitment.
A16: GSK-AUC-009 | B16: Hosting & CloudOps | C16: Promote runbook into reusable agent action - GCP Check Bucket Labels | D16: Frequently repeated runbook work becomes selectable, governed and evidence-producing. | E16: Agent | Accelerator | F16: Accelerator | G16: Reusable Runbook Execution Agent accelerator | H16: EAI-052 gsk-ops-pipeline-monitor-triage; EAI-054 gsk-ops-incident-governance; EAI-074 Incident Knowledge Base Creator; EAI-095 gsk-tools-skills-evaluator; gsk-ops-runbook-fit-scorer; gsk-ops-runbook-execution-adapter; gsk-ops-remediation-rollback-check | I16: Known + adapted skill | J16: Top runbook: GCP Check Bucket Labels | 2,961 ticket signal; 2,961 manual/cluster; 690.9 effort hours; 41.7 similarity. | K16: Wave 2 | L16: Directional GSK ticket/runbook signal. Confirm ownership, approved tool path and control tier with GSK SMEs before commitment.
... A143: GSK-AUC-136 | B143: Cross-tower service operations | C143: Route human approval by risk tier - Human approval policy by action type | D143: State-changing or privileged actions retain explicit human control. | E143: Agent | Accelerator | F143: Accelerator | G143: Demand Signal Prioritization Agent accelerator | H143: EAI-045 eai-eng-sdlc-create-backlog; EAI-094 gsk-dev-groom-backlog; EAI-198 eai-eng-ops-delivery-exec-insights; EAI-204 eai-eng-ops-backlog-prioritizer; gsk-ops-ticket-cluster-classifier; gsk-ops-opportunity-scoring-model | I143: Governance / guardrail skill | J143: Governance control: Human approval policy by action type | 0 ticket signal; 0 manual/cluster; 0 effort hours; SME validation. | K143: Wave 2 | L143: Directional GSK ticket/runbook signal. Confirm ownership, approved tool path and control tier with GSK SMEs before commitment.

Sheet Opportunity_70pct
A1: Metric | B1: Value | C1: Source / formula | D1: Planning note
A2: Baseline total tickets | B2: 1066644 | C2: GSK SR / INC / CHG baseline | D2: Total analysed ticket baseline.
A3: Existing automated / excluded automation | B3: 385895 | C3: GSK ticket impact baseline | D3: Already automated or excluded automation baseline.
A4: Manual opportunity baseline | B4: =B2-B3 -> 680749 | C4: B2 - B3 | D4: Manual baseline available for year-1 automation opportunity sizing.
A5: Year-1 automation opportunity target | B5: 0.7 | C5: Planning target | D5: Applies to manual opportunity baseline, not total ticket volume.
A6: Year-1 automation opportunity tickets | B6: =ROUND(B4*B5,0) -> 476524 | C6: ROUND(B4 * B5, 0) | D6: Target automation opportunity to plan through waves and sprints.
A7: Residual manual baseline after target | B7: =B4-B6 -> 204225 | C7: B4 - B6 | D7: Manual opportunity that remains after year-1 target.
A8: Total automation posture after Year 1 | B8: =(B3+B6)/B2 -> 0.80853499 | C8: (B3 + B6) / B2 | D8: Existing automation plus year-1 opportunity target as share of baseline.
A9: Planning caveat | B9: Opportunity target | C9: User planning input + GSK data baseline | D9: Use for roadmap sizing; realization requires SME validation, approvals and runbook/tool readiness.

Sheet Waves_Sprints
A1: Sprint | B1: Month | C1: Wave | D1: Primary build / rollout focus | E1: % of Year-1 target | F1: Target tickets | G1: Cumulative target | H1: Exit gate / evidence
A2: S01 | B2: M1 | C2: Wave 0 - Foundation | D2: Baseline, controls, catalogue hygiene, evidence model and skill intake governance | E2: 0 | F2: =ROUND(Opportunity_70pct!$B$6*E2,0) -> 0 | G2: =SUM($F$2:F2) -> 0 | H2: Control model signed; skill intake board active
A3: S02 | B3: M2 | C3: Wave 1 - Prove | D3: Top CloudOps runbooks and GSO demand patterns pilots | E3: 0.03 | F3: =ROUND(Opportunity_70pct!$B$6*E3,0) -> 14296 | G3: =SUM($F$2:F3) -> 14296 | H3: Pilot evidence, rollback and human approval route validated
A4: S03 | B4: M3 | C4: Wave 1 - Prove | D4: IAM access fulfilment, routing and knowledge reuse pilots | E4: 0.05 | F4: =ROUND(Opportunity_70pct!$B$6*E4,0) -> 23826 | G4: =SUM($F$2:F4) -> 38122 | H4: Reuse-first decision log and approved tool path
A5: S04 | B5: M4 | C5: Wave 1 - Prove | D5: Incident triage, alert-noise and known-error promotion | E5: 0.07 | F5: =ROUND(Opportunity_70pct!$B$6*E5,0) -> 33357 | G5: =SUM($F$2:F5) -> 71479 | H5: Agent actions traced to incident evidence ledger
A6: S05 | B6: M5 | C6: Wave 2 - Factory | D6: Runbook execution adapters and standard change evidence packs | E6: 0.08 | F6: =ROUND(Opportunity_70pct!$B$6*E6,0) -> 38122 | G6: =SUM($F$2:F6) -> 109601 | H6: Approved reusable patterns promoted to catalogue
A7: S06 | B7: M6 | C7: Wave 2 - Factory | D7: Service desk fulfilment, device flows and knowledge-base uplift | E7: 0.09 | F7: =ROUND(Opportunity_70pct!$B$6*E7,0) -> 42887 | G7: =SUM($F$2:F7) -> 152488 | H7: Fulfilment and closure evidence captured
A8: S07 | B8: M7 | C8: Wave 2 - Factory | D8: NetDevOps intake, firewall / DNS validation and remediation checks | E8: 0.1 | F8: =ROUND(Opportunity_70pct!$B$6*E8,0) -> 47652 | G8: =SUM($F$2:F8) -> 200140 | H8: Network actions gated by risk tier
A9: S08 | B9: M8 | C9: Wave 3 - Scale | D9: AIOps event correlation, RCA and health-check agents | E9: 0.11 | F9: =ROUND(Opportunity_70pct!$B$6*E9,0) -> 52418 | G9: =SUM($F$2:F9) -> 252558 | H9: Noise reduction does not suppress SLO / risk signals
A10: S09 | B10: M9 | C10: Wave 3 - Scale | D10: CloudOps / backup recovery automation scale-out | E10: 0.11 | F10: =ROUND(Opportunity_70pct!$B$6*E10,0) -> 52418 | G10: =SUM($F$2:F10) -> 304976 | H10: Rollback readiness and recovery proof available
A11: S10 | B11: M10 | C11: Wave 3 - Scale | D11: Cross-tower service assist, resolver and knowledge promotion | E11: 0.12 | F11: =ROUND(Opportunity_70pct!$B$6*E11,0) -> 57183 | G11: =SUM($F$2:F11) -> 362159 | H11: A2A handoff and human-control path validated
A12: S11 | B12: M11 | C12: Wave 4 - Optimize | D12: FinOps value telemetry, cost controls and agent reuse rationalization | E12: 0.12 | F12: =ROUND(Opportunity_70pct!$B$6*E12,0) -> 57183 | G12: =SUM($F$2:F12) -> 419342 | H12: Benefit, cost and reuse ledger reviewed
A13: S12 | B13: M12 | C13: Wave 4 - Optimize | D13: Hardening, retirement candidates, audit pack and year-2 backlog | E13: 0.12 | F13: =Opportunity_70pct!$B$6-G12 -> 57182 | G13: =SUM($F$2:F13) -> 476524 | H13: Year-1 target evidence pack and year-2 roadmap ready

Sheet Tower_Plan
A1: Tower | B1: Received skills | C1: Planned skills | D1: Atomic usecases | E1: Wave / sprint entry | F1: Allocation % | G1: Year-1 target tickets | H1: Automation focus / control note
A2: Code Orange / AgentOps | B2: 4 | C2: 0 | D2: 0 | E2: S01-S12 | F2: 0 | G2: =ROUND(Opportunity_70pct!$B$6*F2,0) -> 0 | H2: Central governance, catalogue, evidence ledger, ADLC gates and reuse-first controls
A3: CloudOps | B3: 0 | C3: 13 | D3: 13 | E3: S02-S10 | F3: 0.1757148 | G3: =ROUND(Opportunity_70pct!$B$6*F3,0) -> 83732 | H3: Server, VM, cloud runbook execution and remediation adapters
A4: Service Desk | B4: 2 | C4: 29 | D4: 29 | E4: S03-S10 | F4: 0.28909439 | G4: =ROUND(Opportunity_70pct!$B$6*F4,0) -> 137760 | H4: GSO demand, service assist, knowledge/KEDB and fulfilment automation
A5: AIOps | B5: 2 | C5: 24 | D5: 24 | E5: S04-S09 | F5: 0.20591106 | G5: =ROUND(Opportunity_70pct!$B$6*F5,0) -> 98122 | H5: Event correlation, alert-noise reduction, RCA and health signal automation
A6: IAM & Access | B6: 0 | C6: 18 | D6: 18 | E6: S03-S07 | F6: 0.059868147 | G6: =ROUND(Opportunity_70pct!$B$6*F6,0) -> 28529 | H6: Access fulfilment, entitlement checks and approval routing
A7: Change & Release | B7: 1 | C7: 17 | D7: 17 | E7: S05-S12 | F7: 0.13604861 | G7: =ROUND(Opportunity_70pct!$B$6*F7,0) -> 64830 | H7: Standard change evidence packs, CAB support, rollback and release controls
A8: NetDevOps | B8: 0 | C8: 15 | D8: 15 | E8: S07-S10 | F8: 0.042143649 | G8: =ROUND(Opportunity_70pct!$B$6*F8,0) -> 20082 | H8: Firewall, DNS, network intake and remediation validation
A9: Backup & Data Ops | B9: 0 | C9: 10 | D9: 10 | E9: S05-S09 | F9: 0.026831472 | G9: =ROUND(Opportunity_70pct!$B$6*F9,0) -> 12786 | H9: Backup recovery, storage capacity and database operation patterns
A10: App Ops | B10: 0 | C10: 5 | D10: 5 | E10: S08-S12 | F10: 0.0098187197 | G10: =ROUND(Opportunity_70pct!$B$6*F10,0) -> 4679 | H10: Application operations and collaboration workflow support
A11: Cross-tower Ops | B11: 4 | C11: 3 | D11: 3 | E11: S02-S12 | F11: 0.044750429 | G11: =ROUND(Opportunity_70pct!$B$6*F11,0) -> 21325 | H11: Demand signal prioritization, cross-tower routing and agent handoff
A12: FinOps | B12: 3 | C12: 2 | D12: 2 | E12: S11-S12 | F12: 0.0098187197 | G12: =ROUND(Opportunity_70pct!$B$6*F12,0) -> 4679 | H12: Value telemetry, cost guardrails, reuse and retirement decisions
A13: Total | B13: =SUM(B2:B12) -> 16 | C13: =SUM(C2:C12) -> 136 | D13: =SUM(D2:D12) -> 136 | E13: Year-1 | F13: =SUM(F2:F12) -> 1 | G13: =SUM(G2:G12) -> 476524 | H13: Allocation total validates the 70% year-1 opportunity plan.

Sheet Token_TCO_Model
A1: GSK Code Orange Year-1 Token Consumption and Platform TCO Model
A2: Planning view: token consumption is driven by the 70% year-1 automation opportunity; unit rates and infra assumptions are editable and should be replaced with GSK / Google contracted pricing before commitment.
A4: Metric | B4: Value | C4: Planning note
A5: Year-1 automation actions | B5: =Opportunity_70pct!$B$6 -> 476524 | C5: Pulled from Opportunity_70pct target tickets.
A6: Raw annual input tokens | B6: =SUM(I16:I19) -> 11156618150 | C6: Before token overhead / eval allowance.
A7: Raw annual cached/context tokens | B7: =SUM(J16:J19) -> 6266290600 | C7: Context reuse / grounding material sent as cached context where applicable.
A8: Raw annual output tokens | B8: =SUM(K16:K19) -> 2332584980 | C8: Includes response and reasoning output tokens where charged by model.
A9: Annual model token cost | B9: =P20 -> 17615.752 | C9: Calculated from tier mix and model-rate assumptions, including overhead factor.
A10: Agent infra + Vertex platform cost | B10: =G33 -> 1731520 | C10: Editable run-rate model for agent runtime, evidence, observability and platform controls.
A11: Indicative Year-1 platform TCO | B11: =B9+B10 -> 1749135.8 | C11: Model token cost + platform/infra cost; excludes delivery labor and customer license true-ups.
A12: Cost per automated action | B12: =B11/B5 -> 3.6706142 | C12: Indicative TCO divided by Year-1 automation actions.
A13: Token overhead / eval factor | B13: 1.25 | C13: Allowance for retry, evaluation, guardrail, safety and prompt-variant traffic.
A15: Tier | B15: Agent / use pattern | C15: Share of actions | D15: Automated actions | E15: Calls / action | F15: Input tokens / call | G15: Cached tokens / call | H15: Output tokens / call | I15: Annual input tokens | J15: Annual cached tokens | K15: Annual output tokens | L15: Model tier | M15: Input $ / 1M | N15: Cached $ / 1M | O15: Output $ / 1M | P15: Annual model cost
A16: T1 | B16: Classify, route, summarize, simple service assist | C16: 0.45 | D16: =$B$5*C16 -> 214435.8 | E16: 2 | F16: 3500 | G16: 1500 | H16: 700 | I16: =D16*E16*F16 -> 1.5010506e+09 | J16: =D16*E16*G16 -> 643307400 | K16: =D16*E16*H16 -> 300210120 | L16: Efficient / Flash-Lite | M16: 0.1 | N16: 0.01 | O16: 0.4 | P16: =((I16/1000000)*M16+(J16/1000000)*N16+(K16/1000000)*O16)*$B$13 -> 345.77773
A17: T2 | B17: Runbook execution, resolver assist, knowledge/KEDB uplift | C17: 0.35 | D17: =$B$5*C17 -> 166783.4 | E17: 3.5 | F17: 6500 | G17: 4000 | H17: 1400 | I17: =D17*E17*F17 -> 3794322350 | J17: =D17*E17*G17 -> 2334967600 | K17: =D17*E17*H17 -> 817238660 | L17: Standard / Flash | M17: 0.3 | N17: 0.03 | O17: 2.5 | P17: =((I17/1000000)*M17+(J17/1000000)*N17+(K17/1000000)*O17)*$B$13 -> 4064.303
A18: T3 | B18: Governed multi-agent RCA, change evidence, human approval routing | C18: 0.15 | D18: =$B$5*C18 -> 71478.6 | E18: 5 | F18: 10000 | G18: 6000 | H18: 2200 | I18: =D18*E18*F18 -> 3.57393e+09 | J18: =D18*E18*G18 -> 2.144358e+09 | K18: =D18*E18*H18 -> 7.862646e+08 | L18: Standard / Flash | M18: 0.3 | N18: 0.03 | O18: 2.5 | P18: =((I18/1000000)*M18+(J18/1000000)*N18+(K18/1000000)*O18)*$B$13 -> 3877.714
A19: T4 | B19: Complex reasoning, major incident support, risk and release gates | C19: 0.05 | D19: =$B$5*C19 -> 23826.2 | E19: 6 | F19: 16000 | G19: 8000 | H19: 3000 | I19: =D19*E19*F19 -> 2287315200 | J19: =D19*E19*G19 -> 1143657600 | K19: =D19*E19*H19 -> 4.288716e+08 | L19: Higher reasoning / Flash-Pro tier | M19: 1.5 | N19: 0.15 | O19: 9 | P19: =((I19/1000000)*M19+(J19/1000000)*N19+(K19/1000000)*O19)*$B$13 -> 9327.9573
A20: Total | C20: =SUM(C16:C19) -> 1 | D20: =SUM(D16:D19) -> 476524 | I20: =SUM(I16:I19) -> 11156618150 | J20: =SUM(J16:J19) -> 6266290600 | K20: =SUM(K16:K19) -> 2332584980 | P20: =SUM(P16:P19) -> 17615.752
A23: Component | B23: Cost bucket | C23: Unit / driver | D23: Monthly qty | E23: Unit cost / month | F23: Active months | G23: Annual cost | H23: Planning note
A24: Agent runtime services | B24: Agent infra | C24: Cloud Run / worker services | D24: 36 | E24: 2200 | F24: 10 | G24: =D24*E24*F24 -> 792000 | H24: Runtime for promoted functional agents and job workers.
A25: A2A / MCP gateway and orchestration | B25: Agent infra | C25: Gateway / queues / coordination | D25: 1 | E25: 9500 | F25: 12 | G25: =D25*E25*F25 -> 114000 | H25: Shared connectivity, tool handoff and orchestration control.
A26: Vertex AI platform controls | B26: Vertex infra | C26: Prompt registry, evals, guardrails | D26: 1 | E26: 14500 | F26: 10 | G26: =D26*E26*F26 -> 145000 | H26: Platform controls around model use, evals and release gates.
A27: Evidence ledger and operational data | B27: Data / evidence | C27: BigQuery, logs, storage and retention | D27: 1 | E27: 10500 | F27: 12 | G27: =D27*E27*F27 -> 126000 | H27: Evidence, audit trace, rollback proof and value tracking.
A28: Observability and FinOps telemetry | B28: Operations | C28: SLO, cost and agent health telemetry | D28: 1 | E28: 8500 | F28: 12 | G28: =D28*E28*F28 -> 102000 | H28: Runtime health, cost controls, reuse and SLA/SLO telemetry.
A29: Secure connectors and tool adapters | B29: Integration | C29: SNOW, CMDB, Veeva, SAP, M365, Power BI | D29: 1 | E29: 9000 | F29: 9 | G29: =D29*E29*F29 -> 81000 | H29: Connector hardening and reusable adapter capacity.
A30: Dev / test / prod environments | B30: Platform environments | C30: Three controlled environments | D30: 3 | E30: 4800 | F30: 10 | G30: =D30*E30*F30 -> 144000 | H30: Sandbox, test and production execution lanes.
A31: Security, IAM, KMS and secrets | B31: Security | C31: Access, secrets, key and policy controls | D31: 1 | E31: 3500 | F31: 12 | G31: =D31*E31*F31 -> 42000 | H31: Least-privilege access and operational guardrails.
A32: HA / contingency reserve | B32: Contingency | C32: 12% platform reserve | D32: 1 | E32: =SUM(G24:G31)*12% -> 185520 | F32: 1 | G32: =D32*E32*F32 -> 185520 | H32: Allowance for HA, resilience, spikes and support service variance.
A33: Total | G33: =SUM(G24:G32) -> 1731520 | H33: Infra/platform total used by summary.
A37: Scenario | B37: Token multiplier | C37: Infra multiplier | D37: Model token cost | E37: Infra/platform cost | F37: Year-1 TCO | G37: Cost / action | H37: When to use
A38: Lean | B38: 0.75 | C38: 0.7 | D38: =$B$9*B38 -> 13211.814 | E38: =$B$10*C38 -> 1212064 | F38: =D38+E38 -> 1225275.8 | G38: =F38/$B$5 -> 2.5712783 | H38: Pilot-heavy rollout with controlled concurrency and lower HA posture.
A39: Base plan | B39: 1 | C39: 1 | D39: =$B$9*B39 -> 17615.752 | E39: =$B$10*C39 -> 1731520 | F39: =D39+E39 -> 1749135.8 | G39: =F39/$B$5 -> 3.6706142 | H39: Recommended planning case aligned to 70% Year-1 opportunity.
A40: Scale / HA | B40: 1.35 | C40: 1.35 | D40: =$B$9*B40 -> 23781.265 | E40: =$B$10*C40 -> 2337552 | F40: =D40+E40 -> 2361333.3 | G40: =F40/$B$5 -> 4.9553291 | H40: Higher availability, more eval traffic, connector depth and resilience.
A43: Pricing reference | B43: URL | C43: Use in model
A44: Google Cloud Agent Platform pricing | B44: https://cloud.google.com/gemini-enterprise-agent-platform/generative-ai/pricing | C44: Model-rate validation for enterprise agent platform planning.
A45: Gemini API pricing | B45: https://ai.google.dev/gemini-api/docs/pricing | C45: Public token-rate reference for Gemini model families.
A46: Cloud Run pricing | B46: https://cloud.google.com/run/pricing | C46: Runtime unit-cost benchmark for services, jobs and worker pools.
A47: GKE pricing | B47: https://cloud.google.com/kubernetes-engine/pricing | C47: Cluster management / container runtime validation where GKE is selected.
A48: Google Cloud Pricing Calculator | B48: https://cloud.google.com/products/calculator | C48: Final account-specific validation route before commercial commitment.
